PipelineStages,Area,MaxDataArrival
13,24811.415491,1.42
14,26409.543433,1.30
15,26612.767422,1.26
16,27873.075369,1.23
17,28721.349348,1.11
18,30220.791286,1.10
