PipelineStages,Area,MaxDataArrival
1,5392.085976,1.86
2,5508.327961,1.37
3,6510.615915,0.99
4,6402.087914,1.08
