PipelineStages,Area,MaxDataArrival
1,8075.227939,8.23
2,8286.165910,5.92
3,9094.805881,4.47
