PipelineStages,Area,MaxDataArrival
1,8075.227939,8.23
2,8286.165910,5.92
3,9094.805881,4.47
4,9595.417860,3.59
5,10399.535830,2.93
