PipelineStages,Area,MaxDataArrival
1,6906.689946,1.70
2,7125.341939,1.23
3,7648.297916,0.94
4,7538.439915,0.95
5,8353.729865,0.89
6,9156.517834,0.88
7,9805.823807,0.87
8,10156.411800,0.80
9,11136.887767,0.83
9,11136.887767,0.83
